{
    "alesund_ghs_built_c_2020": [
        [
            62.413263430110774,
            6.083653194507682
        ],
        [
            62.904237464644346,
            7.12045930464211
        ]
    ],
    "alesund_ghs_built_v_2020": [
        [
            62.41374995171554,
            6.083749998265268
        ],
        [
            62.90374994974338,
            7.120416660825742
        ]
    ],
    "alesund_ghs_pop_2020": [
        [
            62.413749952,
            6.083749998
        ],
        [
            62.90374995,
            7.120416661
        ]
    ],
    "alesund_local_climate_zones": [
        [
            62.41314930986614,
            6.083391104396359
        ],
        [
            62.903629455,
            7.120945257556859
        ]
    ],
    "alesund_worldpop_2020": [
        [
            62.41374995207856,
            6.083749990945701
        ],
        [
            62.9037499501074,
            7.12041665347705
        ]
    ],
    "GHSPOP2000": [
        [
            62.41291661838196,
            6.082916664970172
        ],
        [
            62.90458328306987,
            7.121249994190907
        ]
    ],
    "GHSPOP2005": [
        [
            62.41291661838164,
            6.082916664969173
        ],
        [
            62.90458328306955,
            7.121249994189903
        ]
    ],
    "GHSPOP2010": [
        [
            62.41291661838196,
            6.082916664970172
        ],
        [
            62.90458328306987,
            7.121249994190907
        ]
    ],
    "GHSPOP2015": [
        [
            62.41291661838186,
            6.082916664967881
        ],
        [
            62.90458328306977,
            7.121249994188602
        ]
    ],
    "GHSPOP2020": [
        [
            62.41291661838186,
            6.082916664967881
        ],
        [
            62.90458328306977,
            7.121249994188602
        ]
    ],
    "GHSPOP2025": [
        [
            62.41291661838196,
            6.082916664970172
        ],
        [
            62.90458328306987,
            7.121249994190907
        ]
    ],
    "GHSPOP2030": [
        [
            62.41291661838196,
            6.082916664970172
        ],
        [
            62.90458328306987,
            7.121249994190907
        ]
    ],
    "GHSPOP_difference_2005_2030": [
        [
            62.41291661838196,
            6.082916664970172
        ],
        [
            62.90458328306987,
            7.121249994190907
        ]
    ]
}