{
    "RP10": [
        [
            49.23708333333334,
            14.099583336666665
        ],
        [
            49.33625000000001,
            14.238750003333331
        ]
    ],
    "RP100": [
        [
            49.23708333333334,
            14.099583336666665
        ],
        [
            49.33625000000001,
            14.238750003333331
        ]
    ],
    "RP20": [
        [
            49.23708333333334,
            14.099583336666665
        ],
        [
            49.33625000000001,
            14.238750003333331
        ]
    ],
    "RP200": [
        [
            49.23708333333334,
            14.099583336666665
        ],
        [
            49.33625000000001,
            14.238750003333331
        ]
    ],
    "RP30": [
        [
            49.23708333333334,
            14.099583336666665
        ],
        [
            49.33625000000001,
            14.238750003333331
        ]
    ],
    "RP40": [
        [
            49.23708333333334,
            14.099583336666665
        ],
        [
            49.33625000000001,
            14.238750003333331
        ]
    ],
    "RP50": [
        [
            49.23708333333334,
            14.099583336666665
        ],
        [
            49.33625000000001,
            14.238750003333331
        ]
    ],
    "RP500": [
        [
            49.23708333333334,
            14.099583336666665
        ],
        [
            49.33625000000001,
            14.238750003333331
        ]
    ],
    "RP75": [
        [
            49.23708333333334,
            14.099583336666665
        ],
        [
            49.33625000000001,
            14.238750003333331
        ]
    ]
}