{
    "bruges_floodhazard_RP10": [
        [
            51.15791666666668,
            3.1337500033333363
        ],
        [
            51.36375000000001,
            3.310416670000003
        ]
    ],
    "bruges_floodhazard_RP100": [
        [
            51.15791666666668,
            3.1337500033333363
        ],
        [
            51.36375000000001,
            3.310416670000003
        ]
    ],
    "bruges_floodhazard_RP20": [
        [
            51.15791666666668,
            3.1337500033333363
        ],
        [
            51.36375000000001,
            3.310416670000003
        ]
    ],
    "bruges_floodhazard_RP200": [
        [
            51.15791666666668,
            3.1337500033333363
        ],
        [
            51.36375000000001,
            3.310416670000003
        ]
    ],
    "bruges_floodhazard_RP30": [
        [
            51.15791666666668,
            3.1337500033333363
        ],
        [
            51.36375000000001,
            3.310416670000003
        ]
    ],
    "bruges_floodhazard_RP40": [
        [
            51.15791666666668,
            3.1337500033333363
        ],
        [
            51.36375000000001,
            3.310416670000003
        ]
    ],
    "bruges_floodhazard_RP50": [
        [
            51.15791666666668,
            3.1337500033333363
        ],
        [
            51.36375000000001,
            3.310416670000003
        ]
    ],
    "bruges_floodhazard_RP500": [
        [
            51.15791666666668,
            3.1337500033333363
        ],
        [
            51.36375000000001,
            3.310416670000003
        ]
    ],
    "bruges_floodhazard_RP75": [
        [
            51.15791666666668,
            3.1337500033333363
        ],
        [
            51.36375000000001,
            3.310416670000003
        ]
    ],
    "bruges_ghs_built_c_2020": [
        [
            51.158189629,
            3.134176495
        ],
        [
            51.363379451,
            3.310043567
        ]
    ],
    "bruges_ghs_built_v_2020": [
        [
            51.15874999701482,
            3.134583343280123
        ],
        [
            51.36291666285975,
            3.3095833425869556
        ]
    ],
    "bruges_ghs_pop_2020": [
        [
            51.158749997,
            3.134583343
        ],
        [
            51.362916663,
            3.309583343
        ]
    ],
    "bruges_local_climate_zones": [
        [
            51.158157115027045,
            3.1333237113408767
        ],
        [
            51.36387131509235,
            3.310291822312841
        ]
    ],
    "bruges_worldpop_2020": [
        [
            51.15874999731811,
            3.1345833359464828
        ],
        [
            51.362916663204736,
            3.3095833352365127
        ]
    ]
}