{
    "RP10": [
        [
            51.15791666666668,
            3.1337500033333363
        ],
        [
            51.36375000000001,
            3.310416670000003
        ]
    ],
    "RP100": [
        [
            51.15791666666668,
            3.1337500033333363
        ],
        [
            51.36375000000001,
            3.310416670000003
        ]
    ],
    "RP20": [
        [
            51.15791666666668,
            3.1337500033333363
        ],
        [
            51.36375000000001,
            3.310416670000003
        ]
    ],
    "RP200": [
        [
            51.15791666666668,
            3.1337500033333363
        ],
        [
            51.36375000000001,
            3.310416670000003
        ]
    ],
    "RP30": [
        [
            51.15791666666668,
            3.1337500033333363
        ],
        [
            51.36375000000001,
            3.310416670000003
        ]
    ],
    "RP40": [
        [
            51.15791666666668,
            3.1337500033333363
        ],
        [
            51.36375000000001,
            3.310416670000003
        ]
    ],
    "RP50": [
        [
            51.15791666666668,
            3.1337500033333363
        ],
        [
            51.36375000000001,
            3.310416670000003
        ]
    ],
    "RP500": [
        [
            51.15791666666668,
            3.1337500033333363
        ],
        [
            51.36375000000001,
            3.310416670000003
        ]
    ],
    "RP75": [
        [
            51.15791666666668,
            3.1337500033333363
        ],
        [
            51.36375000000001,
            3.310416670000003
        ]
    ]
}