{
    "RP10": [
        [
            42.357916666666675,
            27.19458333666667
        ],
        [
            42.71208333333334,
            27.59708333666667
        ]
    ],
    "RP100": [
        [
            42.357916666666675,
            27.19458333666667
        ],
        [
            42.71208333333334,
            27.59708333666667
        ]
    ],
    "RP20": [
        [
            42.357916666666675,
            27.19458333666667
        ],
        [
            42.71208333333334,
            27.59708333666667
        ]
    ],
    "RP200": [
        [
            42.357916666666675,
            27.19458333666667
        ],
        [
            42.71208333333334,
            27.59708333666667
        ]
    ],
    "RP30": [
        [
            42.357916666666675,
            27.19458333666667
        ],
        [
            42.71208333333334,
            27.59708333666667
        ]
    ],
    "RP40": [
        [
            42.357916666666675,
            27.19458333666667
        ],
        [
            42.71208333333334,
            27.59708333666667
        ]
    ],
    "RP50": [
        [
            42.357916666666675,
            27.19458333666667
        ],
        [
            42.71208333333334,
            27.59708333666667
        ]
    ],
    "RP500": [
        [
            42.357916666666675,
            27.19458333666667
        ],
        [
            42.71208333333334,
            27.59708333666667
        ]
    ],
    "RP75": [
        [
            42.357916666666675,
            27.19458333666667
        ],
        [
            42.71208333333334,
            27.59708333666667
        ]
    ]
}