{
    "constanta_floodhazard_RP10": [
        [
            44.10125000000001,
            28.508750003333336
        ],
        [
            44.272916666666674,
            28.708750003333336
        ]
    ],
    "constanta_floodhazard_RP100": [
        [
            44.10125000000001,
            28.508750003333336
        ],
        [
            44.272916666666674,
            28.708750003333336
        ]
    ],
    "constanta_floodhazard_RP20": [
        [
            44.10125000000001,
            28.508750003333336
        ],
        [
            44.272916666666674,
            28.708750003333336
        ]
    ],
    "constanta_floodhazard_RP200": [
        [
            44.10125000000001,
            28.508750003333336
        ],
        [
            44.272916666666674,
            28.708750003333336
        ]
    ],
    "constanta_floodhazard_RP30": [
        [
            44.10125000000001,
            28.508750003333336
        ],
        [
            44.272916666666674,
            28.708750003333336
        ]
    ],
    "constanta_floodhazard_RP40": [
        [
            44.10125000000001,
            28.508750003333336
        ],
        [
            44.272916666666674,
            28.708750003333336
        ]
    ],
    "constanta_floodhazard_RP50": [
        [
            44.10125000000001,
            28.508750003333336
        ],
        [
            44.272916666666674,
            28.708750003333336
        ]
    ],
    "constanta_floodhazard_RP500": [
        [
            44.10125000000001,
            28.508750003333336
        ],
        [
            44.272916666666674,
            28.708750003333336
        ]
    ],
    "constanta_floodhazard_RP75": [
        [
            44.10125000000001,
            28.508750003333336
        ],
        [
            44.272916666666674,
            28.708750003333336
        ]
    ],
    "constanta_ghs_built_c_2020": [
        [
            44.10207504300008,
            28.509106780000025
        ],
        [
            44.27280192700003,
            28.708168840000035
        ]
    ],
    "constanta_ghs_built_v_2020": [
        [
            44.10208335874993,
            28.50958324277083
        ],
        [
            44.27208335806571,
            28.707916575318574
        ]
    ],
    "constanta_ghs_pop_2020": [
        [
            44.102083359,
            28.509583243
        ],
        [
            44.272083358,
            28.707916575
        ]
    ],
    "constanta_local_climate_zones": [
        [
            44.10189055820199,
            28.508933857209115
        ],
        [
            44.27346877747043,
            28.707461535
        ]
    ],
    "constanta_worldpop_2020": [
        [
            44.10208335843094,
            28.509583234095086
        ],
        [
            44.27208335773294,
            28.707916566629194
        ]
    ],
    "GHSPOP2000": [
        [
            44.10125002541235,
            28.508749909479974
        ],
        [
            44.272916691388126,
            28.70874990868782
        ]
    ],
    "GHSPOP2005": [
        [
            44.101250025411794,
            28.508749909478816
        ],
        [
            44.27291669138757,
            28.70874990868666
        ]
    ],
    "GHSPOP2010": [
        [
            44.10125002541235,
            28.508749909479974
        ],
        [
            44.272916691388126,
            28.70874990868782
        ]
    ],
    "GHSPOP2015": [
        [
            44.10125002541218,
            28.508749909477395
        ],
        [
            44.272916691387955,
            28.70874990868524
        ]
    ],
    "GHSPOP2020": [
        [
            44.10125002541218,
            28.508749909477395
        ],
        [
            44.272916691387955,
            28.70874990868524
        ]
    ],
    "GHSPOP2025": [
        [
            44.10125002541235,
            28.508749909479974
        ],
        [
            44.272916691388126,
            28.70874990868782
        ]
    ],
    "GHSPOP2030": [
        [
            44.10125002541235,
            28.508749909479974
        ],
        [
            44.272916691388126,
            28.70874990868782
        ]
    ],
    "GHSPOP_difference_2000_2030": [
        [
            44.10125002541235,
            28.508749909479974
        ],
        [
            44.272916691388126,
            28.70874990868782
        ]
    ]
}