{
    "RP10": [
        [
            44.10125000000001,
            28.508750003333336
        ],
        [
            44.272916666666674,
            28.708750003333336
        ]
    ],
    "RP100": [
        [
            44.10125000000001,
            28.508750003333336
        ],
        [
            44.272916666666674,
            28.708750003333336
        ]
    ],
    "RP20": [
        [
            44.10125000000001,
            28.508750003333336
        ],
        [
            44.272916666666674,
            28.708750003333336
        ]
    ],
    "RP200": [
        [
            44.10125000000001,
            28.508750003333336
        ],
        [
            44.272916666666674,
            28.708750003333336
        ]
    ],
    "RP30": [
        [
            44.10125000000001,
            28.508750003333336
        ],
        [
            44.272916666666674,
            28.708750003333336
        ]
    ],
    "RP40": [
        [
            44.10125000000001,
            28.508750003333336
        ],
        [
            44.272916666666674,
            28.708750003333336
        ]
    ],
    "RP50": [
        [
            44.10125000000001,
            28.508750003333336
        ],
        [
            44.272916666666674,
            28.708750003333336
        ]
    ],
    "RP500": [
        [
            44.10125000000001,
            28.508750003333336
        ],
        [
            44.272916666666674,
            28.708750003333336
        ]
    ],
    "RP75": [
        [
            44.10125000000001,
            28.508750003333336
        ],
        [
            44.272916666666674,
            28.708750003333336
        ]
    ]
}