{
    "GHSPOP2000": [
        [
            49.23708333807603,
            14.099583299884696
        ],
        [
            49.3362500043436,
            14.238749966000155
        ]
    ],
    "GHSPOP2005": [
        [
            49.237083338075536,
            14.099583299883621
        ],
        [
            49.3362500043431,
            14.23874996599908
        ]
    ],
    "GHSPOP2010": [
        [
            49.23708333807603,
            14.099583299884696
        ],
        [
            49.3362500043436,
            14.238749966000155
        ]
    ],
    "GHSPOP2015": [
        [
            49.23708333807588,
            14.099583299882285
        ],
        [
            49.33625000434344,
            14.238749965997743
        ]
    ],
    "GHSPOP2020": [
        [
            49.23708333807588,
            14.099583299882285
        ],
        [
            49.33625000434344,
            14.238749965997743
        ]
    ],
    "GHSPOP2025": [
        [
            49.23708333807603,
            14.099583299884696
        ],
        [
            49.3362500043436,
            14.238749966000155
        ]
    ],
    "GHSPOP2030": [
        [
            49.23708333807603,
            14.099583299884696
        ],
        [
            49.3362500043436,
            14.238749966000155
        ]
    ],
    "GHSPOP_difference_2000_2030": [
        [
            49.23708333807603,
            14.099583299884696
        ],
        [
            49.3362500043436,
            14.238749966000155
        ]
    ],
    "pisek_floodhazard_RP10": [
        [
            49.23708333333334,
            14.099583336666665
        ],
        [
            49.33625000000001,
            14.238750003333331
        ]
    ],
    "pisek_floodhazard_RP100": [
        [
            49.23708333333334,
            14.099583336666665
        ],
        [
            49.33625000000001,
            14.238750003333331
        ]
    ],
    "pisek_floodhazard_RP20": [
        [
            49.23708333333334,
            14.099583336666665
        ],
        [
            49.33625000000001,
            14.238750003333331
        ]
    ],
    "pisek_floodhazard_RP200": [
        [
            49.23708333333334,
            14.099583336666665
        ],
        [
            49.33625000000001,
            14.238750003333331
        ]
    ],
    "pisek_floodhazard_RP30": [
        [
            49.23708333333334,
            14.099583336666665
        ],
        [
            49.33625000000001,
            14.238750003333331
        ]
    ],
    "pisek_floodhazard_RP40": [
        [
            49.23708333333334,
            14.099583336666665
        ],
        [
            49.33625000000001,
            14.238750003333331
        ]
    ],
    "pisek_floodhazard_RP50": [
        [
            49.23708333333334,
            14.099583336666665
        ],
        [
            49.33625000000001,
            14.238750003333331
        ]
    ],
    "pisek_floodhazard_RP500": [
        [
            49.23708333333334,
            14.099583336666665
        ],
        [
            49.33625000000001,
            14.238750003333331
        ]
    ],
    "pisek_floodhazard_RP75": [
        [
            49.23708333333334,
            14.099583336666665
        ],
        [
            49.33625000000001,
            14.238750003333331
        ]
    ],
    "pisek_ghs_built_c_2020": [
        [
            49.23740068229099,
            14.100048057113435
        ],
        [
            49.335944811927156,
            14.238595335171892
        ]
    ],
    "pisek_ghs_built_v_2020": [
        [
            49.237916671412485,
            14.10041663317826
        ],
        [
            49.33541667102006,
            14.237916632633628
        ]
    ],
    "pisek_ghs_pop_2020": [
        [
            49.237916671,
            14.100416633
        ],
        [
            49.335416671,
            14.237916633
        ]
    ],
    "pisek_local_climate_zones": [
        [
            49.23666072227736,
            14.099956699897923
        ],
        [
            49.33637371881556,
            14.239195568936779
        ]
    ],
    "pisek_worldpop_2020": [
        [
            49.23791667080239,
            14.100416625211658
        ],
        [
            49.33541667040153,
            14.237916624656991
        ]
    ]
}