{
    "burgas_floodhazard_RP10": [
        [
            42.357916666666675,
            27.19458333666667
        ],
        [
            42.71208333333334,
            27.59708333666667
        ]
    ],
    "burgas_floodhazard_RP100": [
        [
            42.357916666666675,
            27.19458333666667
        ],
        [
            42.71208333333334,
            27.59708333666667
        ]
    ],
    "burgas_floodhazard_RP20": [
        [
            42.357916666666675,
            27.19458333666667
        ],
        [
            42.71208333333334,
            27.59708333666667
        ]
    ],
    "burgas_floodhazard_RP200": [
        [
            42.357916666666675,
            27.19458333666667
        ],
        [
            42.71208333333334,
            27.59708333666667
        ]
    ],
    "burgas_floodhazard_RP30": [
        [
            42.357916666666675,
            27.19458333666667
        ],
        [
            42.71208333333334,
            27.59708333666667
        ]
    ],
    "burgas_floodhazard_RP40": [
        [
            42.357916666666675,
            27.19458333666667
        ],
        [
            42.71208333333334,
            27.59708333666667
        ]
    ],
    "burgas_floodhazard_RP50": [
        [
            42.357916666666675,
            27.19458333666667
        ],
        [
            42.71208333333334,
            27.59708333666667
        ]
    ],
    "burgas_floodhazard_RP500": [
        [
            42.357916666666675,
            27.19458333666667
        ],
        [
            42.71208333333334,
            27.59708333666667
        ]
    ],
    "burgas_floodhazard_RP75": [
        [
            42.357916666666675,
            27.19458333666667
        ],
        [
            42.71208333333334,
            27.59708333666667
        ]
    ],
    "burgas_ghs_built_c_2020": [
        [
            42.35842831851215,
            27.19487870508823
        ],
        [
            42.71140876280424,
            27.596798138123624
        ]
    ],
    "burgas_ghs_built_v_2020": [
        [
            42.358750032433186,
            27.195416581309523
        ],
        [
            42.711250031014444,
            27.59624991305517
        ]
    ],
    "burgas_ghs_pop_2020": [
        [
            42.358750032,
            27.195416581
        ],
        [
            42.711250031,
            27.596249913
        ]
    ],
    "burgas_local_climate_zones": [
        [
            42.35826059170964,
            27.194698596539148
        ],
        [
            42.71219681365605,
            27.597143843825645
        ]
    ],
    "burgas_worldpop_2020": [
        [
            42.35875003201538,
            27.19541657356206
        ],
        [
            42.71125003055689,
            27.596249905317016
        ]
    ],
    "GHSPOP2000": [
        [
            42.35791669909523,
            27.194583248018418
        ],
        [
            42.712083364336515,
            27.59708324642421
        ]
    ],
    "GHSPOP2005": [
        [
            42.357916699094645,
            27.194583248017267
        ],
        [
            42.71208336433594,
            27.597083246423054
        ]
    ],
    "GHSPOP2010": [
        [
            42.35791669909523,
            27.194583248018418
        ],
        [
            42.712083364336515,
            27.59708324642421
        ]
    ],
    "GHSPOP2015": [
        [
            42.35791669909505,
            27.194583248015853
        ],
        [
            42.71208336433634,
            27.59708324642164
        ]
    ],
    "GHSPOP2020": [
        [
            42.35791669909505,
            27.194583248015853
        ],
        [
            42.71208336433634,
            27.59708324642164
        ]
    ],
    "GHSPOP2025": [
        [
            42.35791669909523,
            27.194583248018418
        ],
        [
            42.712083364336515,
            27.59708324642421
        ]
    ],
    "GHSPOP2030": [
        [
            42.35791669909523,
            27.194583248018418
        ],
        [
            42.712083364336515,
            27.59708324642421
        ]
    ],
    "GHSPOP_difference_2000_2030": [
        [
            42.35791669909523,
            27.194583248018418
        ],
        [
            42.712083364336515,
            27.59708324642421
        ]
    ]
}