{
    "GHSPOP2000": [
        [
            38.26625004889586,
            26.82124991616377
        ],
        [
            38.565416714358506,
            27.367916580665216
        ]
    ],
    "GHSPOP2005": [
        [
            38.26625004889524,
            26.821249916162625
        ],
        [
            38.56541671435788,
            27.36791658066407
        ]
    ],
    "GHSPOP2010": [
        [
            38.26625004889586,
            26.82124991616377
        ],
        [
            38.565416714358506,
            27.367916580665216
        ]
    ],
    "GHSPOP2015": [
        [
            38.26625004889566,
            26.821249916161214
        ],
        [
            38.5654167143583,
            27.367916580662655
        ]
    ],
    "GHSPOP2020": [
        [
            38.26625004889566,
            26.821249916161214
        ],
        [
            38.5654167143583,
            27.367916580662655
        ]
    ],
    "GHSPOP2025": [
        [
            38.26625004889586,
            26.82124991616377
        ],
        [
            38.565416714358506,
            27.367916580665216
        ]
    ],
    "GHSPOP2030": [
        [
            38.26625004889586,
            26.82124991616377
        ],
        [
            38.565416714358506,
            27.367916580665216
        ]
    ],
    "GHSPOP_difference_2000_2030": [
        [
            38.26625004889586,
            26.82124991616377
        ],
        [
            38.565416714358506,
            27.367916580665216
        ]
    ],
    "izmir_floodhazard_RP10": [
        [
            37.82458333333334,
            26.20541667
        ],
        [
            39.393750000000004,
            28.50291667
        ]
    ],
    "izmir_ghs_built_v_2020": [
        [
            37.82541671734568,
            26.2062499185609
        ],
        [
            39.39291671103678,
            28.502083242800538
        ]
    ],
    "izmir_ghs_pop_2020": [
        [
            37.825416717,
            26.206249919
        ],
        [
            39.392916711,
            28.502083243
        ]
    ],
    "izmir_worldpop_2020": [
        [
            37.825416716905686,
            26.206249910490957
        ],
        [
            39.392916710593326,
            28.502083234602633
        ]
    ]
}