{
    "RP10": [
        [
            38.26625000000001,
            26.821250003333336
        ],
        [
            38.56541666666667,
            27.367916670000003
        ]
    ],
    "RP100": [
        [
            38.26625000000001,
            26.821250003333336
        ],
        [
            38.56541666666667,
            27.367916670000003
        ]
    ],
    "RP20": [
        [
            38.26625000000001,
            26.821250003333336
        ],
        [
            38.56541666666667,
            27.367916670000003
        ]
    ],
    "RP200": [
        [
            38.26625000000001,
            26.821250003333336
        ],
        [
            38.56541666666667,
            27.367916670000003
        ]
    ],
    "RP30": [
        [
            38.26625000000001,
            26.821250003333336
        ],
        [
            38.56541666666667,
            27.367916670000003
        ]
    ],
    "RP40": [
        [
            38.26625000000001,
            26.821250003333336
        ],
        [
            38.56541666666667,
            27.367916670000003
        ]
    ],
    "RP50": [
        [
            38.26625000000001,
            26.821250003333336
        ],
        [
            38.56541666666667,
            27.367916670000003
        ]
    ],
    "RP500": [
        [
            38.26625000000001,
            26.821250003333336
        ],
        [
            38.56541666666667,
            27.367916670000003
        ]
    ],
    "RP75": [
        [
            38.26625000000001,
            26.821250003333336
        ],
        [
            38.56541666666667,
            27.367916670000003
        ]
    ]
}