{
    "GHSPOP2000": [
        [
            44.25958335810846,
            13.917083300607535
        ],
        [
            45.67375001908368,
            15.235416628719255
        ]
    ],
    "GHSPOP2005": [
        [
            44.2595833581079,
            13.917083300606462
        ],
        [
            45.67375001908314,
            15.235416628718175
        ]
    ],
    "GHSPOP2010": [
        [
            44.25958335810846,
            13.917083300607535
        ],
        [
            45.67375001908368,
            15.235416628719255
        ]
    ],
    "GHSPOP2015": [
        [
            44.25958335810828,
            13.917083300605128
        ],
        [
            45.673750019083506,
            15.23541662871683
        ]
    ],
    "GHSPOP2020": [
        [
            44.25958335810828,
            13.917083300605128
        ],
        [
            45.673750019083506,
            15.23541662871683
        ]
    ],
    "GHSPOP2025": [
        [
            44.25958335810846,
            13.917083300607535
        ],
        [
            45.67375001908368,
            15.235416628719255
        ]
    ],
    "GHSPOP2030": [
        [
            44.25958335810846,
            13.917083300607535
        ],
        [
            45.67375001908368,
            15.235416628719255
        ]
    ],
    "GHSPOP_difference_2000_2030": [
        [
            44.25958335810846,
            13.917083300607535
        ],
        [
            45.67375001908368,
            15.235416628719255
        ]
    ],
    "rijeka_floodhazard_RP10": [
        [
            44.25958333333334,
            13.917083336666668
        ],
        [
            45.673750000000005,
            15.235416670000001
        ]
    ],
    "rijeka_floodhazard_RP100": [
        [
            44.25958333333334,
            13.917083336666668
        ],
        [
            45.673750000000005,
            15.235416670000001
        ]
    ],
    "rijeka_floodhazard_RP20": [
        [
            44.25958333333334,
            13.917083336666668
        ],
        [
            45.673750000000005,
            15.235416670000001
        ]
    ],
    "rijeka_floodhazard_RP200": [
        [
            44.25958333333334,
            13.917083336666668
        ],
        [
            45.673750000000005,
            15.235416670000001
        ]
    ],
    "rijeka_floodhazard_RP30": [
        [
            44.25958333333334,
            13.917083336666668
        ],
        [
            45.673750000000005,
            15.235416670000001
        ]
    ],
    "rijeka_floodhazard_RP40": [
        [
            44.25958333333334,
            13.917083336666668
        ],
        [
            45.673750000000005,
            15.235416670000001
        ]
    ],
    "rijeka_floodhazard_RP50": [
        [
            44.25958333333334,
            13.917083336666668
        ],
        [
            45.673750000000005,
            15.235416670000001
        ]
    ],
    "rijeka_floodhazard_RP500": [
        [
            44.25958333333334,
            13.917083336666668
        ],
        [
            45.673750000000005,
            15.235416670000001
        ]
    ],
    "rijeka_floodhazard_RP75": [
        [
            44.25958333333334,
            13.917083336666668
        ],
        [
            45.673750000000005,
            15.235416670000001
        ]
    ],
    "rijeka_ghs_built_v_2020": [
        [
            44.260416691446,
            13.917916633901132
        ],
        [
            45.672916685760946,
            15.23458329535254
        ]
    ],
    "rijeka_ghs_pop_2020": [
        [
            44.260416691,
            13.917916634
        ],
        [
            45.672916686,
            15.234583295
        ]
    ],
    "rijeka_worldpop_2020": [
        [
            44.26041669117058,
            13.91791662598248
        ],
        [
            45.67291668551405,
            15.234583287482131
        ]
    ]
}