{
    "RP10": [
        [
            45.30708333333334,
            14.331250003333334
        ],
        [
            45.38541666666667,
            14.532083336666668
        ]
    ],
    "RP100": [
        [
            45.30708333333334,
            14.331250003333334
        ],
        [
            45.38541666666667,
            14.532083336666668
        ]
    ],
    "RP20": [
        [
            45.30708333333334,
            14.331250003333334
        ],
        [
            45.38541666666667,
            14.532083336666668
        ]
    ],
    "RP200": [
        [
            45.30708333333334,
            14.331250003333334
        ],
        [
            45.38541666666667,
            14.532083336666668
        ]
    ],
    "RP30": [
        [
            45.30708333333334,
            14.331250003333334
        ],
        [
            45.38541666666667,
            14.532083336666668
        ]
    ],
    "RP40": [
        [
            45.30708333333334,
            14.331250003333334
        ],
        [
            45.38541666666667,
            14.532083336666668
        ]
    ],
    "RP50": [
        [
            45.30708333333334,
            14.331250003333334
        ],
        [
            45.38541666666667,
            14.532083336666668
        ]
    ],
    "RP500": [
        [
            45.30708333333334,
            14.331250003333334
        ],
        [
            45.38541666666667,
            14.532083336666668
        ]
    ],
    "RP75": [
        [
            45.30708333333334,
            14.331250003333334
        ],
        [
            45.38541666666667,
            14.532083336666668
        ]
    ]
}