{
    "GHSPOP2000": [
        [
            43.73125002690145,
            12.09541664115607
        ],
        [
            44.16291669183083,
            12.756249971871995
        ]
    ],
    "GHSPOP2005": [
        [
            43.73125002690089,
            12.095416641155007
        ],
        [
            44.162916691830276,
            12.756249971870927
        ]
    ],
    "GHSPOP2010": [
        [
            43.73125002690145,
            12.09541664115607
        ],
        [
            44.16291669183083,
            12.756249971871995
        ]
    ],
    "GHSPOP2015": [
        [
            43.73125002690127,
            12.095416641153685
        ],
        [
            44.16291669183066,
            12.756249971869602
        ]
    ],
    "GHSPOP2020": [
        [
            43.73125002690127,
            12.095416641153685
        ],
        [
            44.16291669183066,
            12.756249971869602
        ]
    ],
    "GHSPOP2025": [
        [
            43.73125002690145,
            12.09541664115607
        ],
        [
            44.16291669183083,
            12.756249971871995
        ]
    ],
    "GHSPOP2030": [
        [
            43.73125002690145,
            12.09541664115607
        ],
        [
            44.16291669183083,
            12.756249971871995
        ]
    ],
    "GHSPOP_difference_2000_2030": [
        [
            43.73125002690145,
            12.09541664115607
        ],
        [
            44.16291669183083,
            12.756249971871995
        ]
    ],
    "rimini_floodhazard_RP10": [
        [
            43.73125000000001,
            12.095416670000002
        ],
        [
            44.162916666666675,
            12.756250003333335
        ]
    ],
    "rimini_floodhazard_RP100": [
        [
            43.73125000000001,
            12.095416670000002
        ],
        [
            44.162916666666675,
            12.756250003333335
        ]
    ],
    "rimini_floodhazard_RP20": [
        [
            43.73125000000001,
            12.095416670000002
        ],
        [
            44.162916666666675,
            12.756250003333335
        ]
    ],
    "rimini_floodhazard_RP200": [
        [
            43.73125000000001,
            12.095416670000002
        ],
        [
            44.162916666666675,
            12.756250003333335
        ]
    ],
    "rimini_floodhazard_RP30": [
        [
            43.73125000000001,
            12.095416670000002
        ],
        [
            44.162916666666675,
            12.756250003333335
        ]
    ],
    "rimini_floodhazard_RP40": [
        [
            43.73125000000001,
            12.095416670000002
        ],
        [
            44.162916666666675,
            12.756250003333335
        ]
    ],
    "rimini_floodhazard_RP50": [
        [
            43.73125000000001,
            12.095416670000002
        ],
        [
            44.162916666666675,
            12.756250003333335
        ]
    ],
    "rimini_floodhazard_RP500": [
        [
            43.73125000000001,
            12.095416670000002
        ],
        [
            44.162916666666675,
            12.756250003333335
        ]
    ],
    "rimini_floodhazard_RP75": [
        [
            43.73125000000001,
            12.095416670000002
        ],
        [
            44.162916666666675,
            12.756250003333335
        ]
    ],
    "rimini_ghs_built_c_2020": [
        [
            43.7318997,
            12.096165599999996
        ],
        [
            44.162286800000004,
            12.7559006
        ]
    ],
    "rimini_ghs_built_v_2020": [
        [
            43.73208336023911,
            12.096249974450009
        ],
        [
            44.16208335850844,
            12.755416638505745
        ]
    ],
    "rimini_ghs_pop_2020": [
        [
            43.73208336,
            12.096249974
        ],
        [
            44.162083359,
            12.755416639
        ]
    ],
    "rimini_local_climate_zones": [
        [
            43.731784661141276,
            12.095815301022533
        ],
        [
            44.16297599752269,
            12.756077034851943
        ]
    ],
    "rimini_worldpop_2020": [
        [
            43.7320833598482,
            12.096249965937764
        ],
        [
            44.16208335811818,
            12.75541662994337
        ]
    ]
}