{
    "RP10": [
        [
            38.67541666666667,
            -9.487083329999999
        ],
        [
            38.76958333333334,
            -9.307916663333332
        ]
    ],
    "RP100": [
        [
            38.67541666666667,
            -9.487083329999999
        ],
        [
            38.76958333333334,
            -9.307916663333332
        ]
    ],
    "RP20": [
        [
            38.67541666666667,
            -9.487083329999999
        ],
        [
            38.76958333333334,
            -9.307916663333332
        ]
    ],
    "RP200": [
        [
            38.67541666666667,
            -9.487083329999999
        ],
        [
            38.76958333333334,
            -9.307916663333332
        ]
    ],
    "RP30": [
        [
            38.67541666666667,
            -9.487083329999999
        ],
        [
            38.76958333333334,
            -9.307916663333332
        ]
    ],
    "RP40": [
        [
            38.67541666666667,
            -9.487083329999999
        ],
        [
            38.76958333333334,
            -9.307916663333332
        ]
    ],
    "RP50": [
        [
            38.67541666666667,
            -9.487083329999999
        ],
        [
            38.76958333333334,
            -9.307916663333332
        ]
    ],
    "RP500": [
        [
            38.67541666666667,
            -9.487083329999999
        ],
        [
            38.76958333333334,
            -9.307916663333332
        ]
    ],
    "RP75": [
        [
            38.67541666666667,
            -9.487083329999999
        ],
        [
            38.76958333333334,
            -9.307916663333332
        ]
    ]
}