{
    "cascais_floodhazard_RP10": [
        [
            38.67541666666667,
            -9.487083329999999
        ],
        [
            38.76958333333334,
            -9.307916663333332
        ]
    ],
    "cascais_floodhazard_RP100": [
        [
            38.67541666666667,
            -9.487083329999999
        ],
        [
            38.76958333333334,
            -9.307916663333332
        ]
    ],
    "cascais_floodhazard_RP20": [
        [
            38.67541666666667,
            -9.487083329999999
        ],
        [
            38.76958333333334,
            -9.307916663333332
        ]
    ],
    "cascais_floodhazard_RP200": [
        [
            38.67541666666667,
            -9.487083329999999
        ],
        [
            38.76958333333334,
            -9.307916663333332
        ]
    ],
    "cascais_floodhazard_RP30": [
        [
            38.67541666666667,
            -9.487083329999999
        ],
        [
            38.76958333333334,
            -9.307916663333332
        ]
    ],
    "cascais_floodhazard_RP40": [
        [
            38.67541666666667,
            -9.487083329999999
        ],
        [
            38.76958333333334,
            -9.307916663333332
        ]
    ],
    "cascais_floodhazard_RP50": [
        [
            38.67541666666667,
            -9.487083329999999
        ],
        [
            38.76958333333334,
            -9.307916663333332
        ]
    ],
    "cascais_floodhazard_RP500": [
        [
            38.67541666666667,
            -9.487083329999999
        ],
        [
            38.76958333333334,
            -9.307916663333332
        ]
    ],
    "cascais_floodhazard_RP75": [
        [
            38.67541666666667,
            -9.487083329999999
        ],
        [
            38.76958333333334,
            -9.307916663333332
        ]
    ],
    "cascais_ghs_built_c_2020": [
        [
            38.67588589999998,
            -9.486554299999998
        ],
        [
            38.768992799999985,
            -9.308073200000003
        ]
    ],
    "cascais_ghs_built_v_2020": [
        [
            38.67625004725457,
            -9.486249940062656
        ],
        [
            38.768750046882275,
            -9.308749940765725
        ]
    ],
    "cascais_ghs_pop_2020": [
        [
            38.676250047,
            -9.48624994
        ],
        [
            38.768750047,
            -9.308749941
        ]
    ],
    "cascais_local_climate_zones": [
        [
            38.675167926785036,
            -9.4862094
        ],
        [
            38.76949103161847,
            -9.307444658459792
        ]
    ],
    "cascais_worldpop_2020": [
        [
            38.67625004662589,
            -9.486249947433993
        ],
        [
            38.768750046254674,
            -9.30874994814647
        ]
    ],
    "GHSPOP2000": [
        [
            38.6754167139158,
            -9.487083273360644
        ],
        [
            38.769583380203485,
            -9.307916607403616
        ]
    ],
    "GHSPOP2005": [
        [
            38.675416713915176,
            -9.487083273361586
        ],
        [
            38.76958338020286,
            -9.307916607404557
        ]
    ],
    "GHSPOP2010": [
        [
            38.6754167139158,
            -9.487083273360644
        ],
        [
            38.769583380203485,
            -9.307916607403616
        ]
    ],
    "GHSPOP2015": [
        [
            38.675416713915595,
            -9.487083273362755
        ],
        [
            38.76958338020328,
            -9.307916607405728
        ]
    ],
    "GHSPOP2020": [
        [
            38.675416713915595,
            -9.487083273362755
        ],
        [
            38.76958338020328,
            -9.307916607405728
        ]
    ],
    "GHSPOP2025": [
        [
            38.6754167139158,
            -9.487083273360644
        ],
        [
            38.769583380203485,
            -9.307916607403616
        ]
    ],
    "GHSPOP2030": [
        [
            38.6754167139158,
            -9.487083273360644
        ],
        [
            38.769583380203485,
            -9.307916607403616
        ]
    ],
    "GHSPOP_difference_2000_2030": [
        [
            38.6754167139158,
            -9.487083273360644
        ],
        [
            38.769583380203485,
            -9.307916607403616
        ]
    ]
}