{
    "RP10": [
        [
            43.73125000000001,
            12.095416670000002
        ],
        [
            44.162916666666675,
            12.756250003333335
        ]
    ],
    "RP100": [
        [
            43.73125000000001,
            12.095416670000002
        ],
        [
            44.162916666666675,
            12.756250003333335
        ]
    ],
    "RP20": [
        [
            43.73125000000001,
            12.095416670000002
        ],
        [
            44.162916666666675,
            12.756250003333335
        ]
    ],
    "RP200": [
        [
            43.73125000000001,
            12.095416670000002
        ],
        [
            44.162916666666675,
            12.756250003333335
        ]
    ],
    "RP30": [
        [
            43.73125000000001,
            12.095416670000002
        ],
        [
            44.162916666666675,
            12.756250003333335
        ]
    ],
    "RP40": [
        [
            43.73125000000001,
            12.095416670000002
        ],
        [
            44.162916666666675,
            12.756250003333335
        ]
    ],
    "RP50": [
        [
            43.73125000000001,
            12.095416670000002
        ],
        [
            44.162916666666675,
            12.756250003333335
        ]
    ],
    "RP500": [
        [
            43.73125000000001,
            12.095416670000002
        ],
        [
            44.162916666666675,
            12.756250003333335
        ]
    ],
    "RP75": [
        [
            43.73125000000001,
            12.095416670000002
        ],
        [
            44.162916666666675,
            12.756250003333335
        ]
    ]
}